temp,pressure,humidity,gas,battery
25.900663767452507,743.9192976903497,29.41176470588235,7292195.620660716,3974.1176470588234
24.735637445639732,734.6753319904407,29.80392156862745,7284196.398870832,4005.8823529411766
26.629282063019758,741.57880196445,30.19607843137255,7381197.955291065,3984.705882352941
25.812924391546503,740.8529961617587,30.19607843137255,7202194.53727016,3977.6470588235293
24.82871747920958,732.0118982798994,30.19607843137255,7286195.483329519,3974.1176470588234
26.532387273975736,731.0066062811975,29.41176470588235,7223194.659342336,3981.176470588235
25.02708476386664,736.0110721594735,30.588235294117645,7258195.239185168,3995.2941176470586
25.639734493019,743.0701102656193,29.80392156862745,7341196.597238117,3970.5882352941176
26.123445487144274,745.3156557867322,30.19607843137255,7243195.819028,4005.8823529411766
25.719844357976655,734.9875411383833,29.41176470588235,7361197.558556496,3970.5882352941176
25.521477073319602,742.4381817840447,29.41176470588235,7393197.405966277,4005.8823529411766
26.082246128023193,747.9640691258949,29.80392156862745,7241195.849546044,3995.2941176470586
25.735866330968186,743.3431591596103,30.19607843137255,7360197.58907454,4002.3529411764707
26.47135118638895,741.4076770191001,30.19607843137255,7387196.78034638,3970.5882352941176
25.560387579156178,735.0540599259175,29.41176470588235,7271195.498588541,3991.764705882353
24.954604409857325,745.9990826844623,30.19607843137255,7275195.773250935,4005.8823529411766
26.74830243381399,737.0292387622142,30.588235294117645,7225194.61356527,3970.5882352941176
25.083543144884416,735.0229462994902,30.588235294117645,7282195.971618219,3998.823529411765
25.493247882810714,743.6467852381936,29.41176470588235,7340196.337834745,3974.1176470588234
25.63210498207065,747.9694335442445,30.588235294117645,7368197.238117036,3988.235294117647
26.283665217059585,731.3955266115383,30.19607843137255,7304196.292057679,3970.5882352941176
26.528572518501562,742.8700174611818,29.41176470588235,7335197.314412146,3988.235294117647
24.948500801098646,740.0783741520867,30.588235294117645,7209195.300221256,3998.823529411765
26.85130083161669,745.5677834491602,29.41176470588235,7260195.284962234,4005.8823529411766
25.535973144121463,734.683378617965,29.41176470588235,7262195.376516365,3995.2941176470586
24.864576180666816,735.560997459948,29.41176470588235,7230194.872968642,3988.235294117647
26.981765468833444,745.8955494103163,30.19607843137255,7368196.643015183,3988.235294117647
26.611734187838557,733.8636954941569,29.41176470588235,7336197.070267796,4005.8823529411766
25.613794155794615,740.974768458293,30.588235294117645,7238194.552529182,3984.705882352941
26.070038910505836,743.6682429115917,30.588235294117645,7334196.597238117,3998.823529411765
24.904249637598227,748.8213031781497,29.80392156862745,7396197.634851606,4005.8823529411766
24.783703364614325,729.1580277179497,30.19607843137255,7223194.354161898,4005.8823529411766
25.064469367513546,747.7081863706223,29.80392156862745,7396198.001068131,3998.823529411765
26.357671473258563,732.0719797654141,30.588235294117645,7238195.5138475625,4002.3529411764707
25.512321660181584,733.1652482250481,29.80392156862745,7356197.390707255,3970.5882352941176
26.076142519264515,732.253833547463,29.80392156862745,7392197.283894102,3977.6470588235293
26.264591439688715,731.969519374938,30.588235294117645,7387196.856641489,3988.235294117647
25.8281834134432,731.7227561308597,30.588235294117645,7394198.123140306,3977.6470588235293
26.53772793163958,732.4233491673082,29.80392156862745,7215195.483329519,3988.235294117647
26.626993209735254,738.4599291360337,30.588235294117645,7359196.429388876,3981.176470588235
26.495765621423665,743.198856306008,30.588235294117645,7204194.186312657,3970.5882352941176
26.484321355001143,746.3998047351721,30.19607843137255,7356197.116044861,3991.764705882353
25.132372014953845,735.5668983201325,30.19607843137255,7237194.384679941,3995.2941176470586
26.497291523613335,737.9149042317215,29.41176470588235,7200194.888227665,3984.705882352941
25.094224460212104,740.1733243568733,30.19607843137255,7374196.444647898,3988.235294117647
25.877012283512627,737.7534352394007,30.19607843137255,7358196.810864423,4002.3529411764707
25.510795757991914,749.9612420774247,30.588235294117645,7295196.398870832,3977.6470588235293
25.426871137560084,736.1446461763768,29.41176470588235,7324195.880064088,3984.705882352941
25.033188372625318,746.3306037384632,30.588235294117645,7371197.009231708,3977.6470588235293
26.904707408255128,730.4245668902736,29.80392156862745,7339196.444647898,3981.176470588235
25.35973144121462,742.548688802045,29.80392156862745,7281195.788509957,3981.176470588235
26.73228046082246,731.9373328648409,29.41176470588235,7375196.749828336,3977.6470588235293
26.006713969634546,743.5169663141351,29.41176470588235,7271196.002136263,3984.705882352941
25.316243228809036,734.6485098986931,30.588235294117645,7386196.749828336,3970.5882352941176
24.95231555657282,729.6719389958346,30.19607843137255,7218194.888227665,3970.5882352941176
26.853589684901195,729.9546438428548,29.41176470588235,7257195.849546044,4002.3529411764707
25.40856031128405,729.4530707271738,30.19607843137255,7279196.231021591,4005.8823529411766
26.887159533073927,731.6320974607527,30.19607843137255,7202194.567788204,3995.2941176470586
24.85084306095979,731.7173917125101,30.19607843137255,7376197.756923781,3981.176470588235
25.72060730907149,730.1509815544475,30.588235294117645,7296196.093690394,3977.6470588235293
24.94621194781414,745.2802506256254,30.19607843137255,7243195.880064088,3998.823529411765
26.545357442587928,730.9529620977022,29.41176470588235,7335197.34493019,3998.823529411765
26.902418554970623,737.2169934044477,29.41176470588235,7343196.917677577,3995.2941176470586
26.70557717250324,728.5518484444528,30.588235294117645,7223195.605401694,3984.705882352941
26.31265735866331,736.7170296142716,30.588235294117645,7320196.063172351,3995.2941176470586
26.11505302510109,734.318598170197,29.80392156862745,7287195.2239261465,3984.705882352941
25.59090562294957,730.7367760382161,30.588235294117645,7306196.887159533,3991.764705882353
26.086060883497368,728.9504247278229,30.19607843137255,7347196.353093767,3988.235294117647
25.31395437552453,735.0519141585777,29.80392156862745,7206194.308384832,3977.6470588235293
25.316243228809036,742.0540894302184,29.80392156862745,7217194.506752117,3998.823529411765
25.908293278400855,745.5849495878787,30.19607843137255,7224194.598306248,4002.3529411764707
24.755474174105437,746.697529953571,30.588235294117645,7268195.773250935,3981.176470588235
25.730525673304342,738.6621677078109,30.19607843137255,7373197.146562905,3970.5882352941176
25.17433432516976,737.3484216540112,29.41176470588235,7331195.880064088,3970.5882352941176
26.89555199511711,745.4213348282179,30.588235294117645,7368197.314412146,3977.6470588235293
25.246051728084232,730.8408457541971,30.588235294117645,7337196.627756161,3977.6470588235293
25.59090562294957,736.8436298873205,29.80392156862745,7368197.741664759,3970.5882352941176
25.24910353246357,738.5103546685192,30.588235294117645,7301196.307316701,3984.705882352941
26.510261692225527,733.6271246449426,29.80392156862745,7229195.239185168,3977.6470588235293
26.591134508278017,738.4057485107035,29.80392156862745,7383196.765087358,3981.176470588235
24.75089646753643,744.4224801315356,30.19607843137255,7230195.559624628,3977.6470588235293
26.834515907530324,746.116563446317,29.41176470588235,7394197.009231708,3998.823529411765
26.578164339665825,736.9895420664277,30.19607843137255,7309195.9411001755,3974.1176470588234
25.24071107042039,743.0856670788329,30.19607843137255,7332196.70405127,4002.3529411764707
26.25925078202487,737.442298975128,29.80392156862745,7379197.451743343,4005.8823529411766
24.734111543450062,732.0076067452197,29.80392156862745,7337197.146562905,3984.705882352941
26.91157396810864,731.7340214093937,29.80392156862745,7395198.245212481,3977.6470588235293
25.80148012512398,748.6512511164697,29.80392156862745,7329197.131303883,3991.764705882353
24.881361104753182,739.1460382429385,29.80392156862745,7384197.146562905,3977.6470588235293
24.91111619745174,749.4902461463361,30.588235294117645,7313196.200503548,3995.2941176470586
26.105134660868238,745.7094040935878,29.80392156862745,7378197.741664759,3991.764705882353
25.602349889372093,731.8922717507048,30.588235294117645,7373197.375448233,3995.2941176470586
25.002670328831925,737.8038607718862,29.80392156862745,7225194.323643854,3977.6470588235293
25.342946517128254,745.3435507621498,29.41176470588235,7350197.116044861,3991.764705882353
26.359960326543067,730.4336864014678,30.588235294117645,7318196.21576257,4002.3529411764707
25.968566414892805,736.950381812476,29.80392156862745,7262195.452811475,4002.3529411764707
26.36987869077592,742.6656331220647,30.19607843137255,7316196.536202029,3988.235294117647
26.565194171053633,749.4430392648602,29.41176470588235,7393197.695887693,4005.8823529411766
26.85130083161669,734.1726859910898,30.19607843137255,7325196.932936599,4002.3529411764707
26.520943007553214,731.7785460816948,30.588235294117645,7236194.659342336,3970.5882352941176
26.662088960097655,748.6550062093143,29.80392156862745,7253196.0784313725,3998.823529411765
26.196688792248416,736.1398181998622,30.19607843137255,7375196.978713664,3991.764705882353
26.310368505378804,749.6350854417733,30.19607843137255,7341196.551461051,4002.3529411764707
25.94720378423743,742.479487805336,29.80392156862745,7317196.520943007,3998.823529411765
26.405737392233156,748.9291279869752,29.41176470588235,7274196.231021591,3988.235294117647
26.109712367437247,747.3841755023108,29.80392156862745,7377196.856641489,4005.8823529411766
26.411841000991835,743.0915679390174,29.41176470588235,7345196.765087358,3988.235294117647
25.860990310521096,745.2646938124117,29.80392156862745,7205194.476234073,3981.176470588235
26.363012130922407,734.5793089019841,29.80392156862745,7346197.482261387,3974.1176470588234
26.236362249179827,741.2977064429347,30.19607843137255,7217195.498588541,3998.823529411765
24.72419317921721,740.2902686768931,29.41176470588235,7328196.749828336,3988.235294117647
25.70458533607996,747.3884670369904,29.41176470588235,7281196.536202029,3974.1176470588234
25.525291828793776,742.0508707792086,29.80392156862745,7278195.925841154,3984.705882352941
25.770199130235753,730.2115994817973,29.41176470588235,7239194.979781796,3998.823529411765
25.749599450675213,738.5516606898107,29.80392156862745,7372196.765087358,3991.764705882353
26.758220798046843,730.510934025701,30.588235294117645,7276195.712214847,3991.764705882353
25.419241626611736,741.8137634881595,29.41176470588235,7212194.781414511,3998.823529411765
26.931410696574346,739.4271337644539,30.588235294117645,7317196.017395285,3998.823529411765
25.754940108339056,737.2979961215256,30.588235294117645,7231195.269703212,3998.823529411765
26.317998016327152,740.6142795452047,30.19607843137255,7397197.100785839,4002.3529411764707
25.31395437552453,739.5489060609881,29.41176470588235,7324196.047913329,3984.705882352941
25.504692149233236,742.3389400445784,29.80392156862745,7214195.284962234,3970.5882352941176
26.522468909742884,740.4554927620586,29.41176470588235,7267195.01029984,3970.5882352941176
26.566720073243303,728.515906841511,30.588235294117645,7212195.132372015,3974.1176470588234
25.382619974059665,737.1579848026029,30.19607843137255,7269196.231021591,4002.3529411764707
25.288014038300147,745.9148613163746,30.588235294117645,7325195.757991913,4002.3529411764707
24.837109941252763,746.5500084489589,30.588235294117645,7330196.475165942,3981.176470588235
26.60715648126955,738.6691414516653,29.80392156862745,7237195.315480278,3995.2941176470586
25.725947966735333,734.7482880799943,29.41176470588235,7264196.276798657,3981.176470588235
26.443884946974897,731.6669661800246,29.80392156862745,7390197.207598993,3995.2941176470586
26.43778133821622,737.1617398954476,30.588235294117645,7273195.880064088,3981.176470588235
26.678110933089187,733.2049449208347,30.19607843137255,7215195.162890059,3970.5882352941176
25.706111238269628,740.8669436494675,30.19607843137255,7278195.773250935,3991.764705882353
25.90295262073701,738.1992184042465,30.19607843137255,7391197.100785839,3995.2941176470586
25.48180361638819,748.8835304310043,29.41176470588235,7333195.880064088,3974.1176470588234
26.552986953536276,737.8580413972164,30.588235294117645,7391197.009231708,3991.764705882353
25.748073548485543,731.9630820729186,30.588235294117645,7366196.475165942,3991.764705882353
26.752880140383,735.2171382437432,30.19607843137255,7269196.200503548,3995.2941176470586
26.93217364766918,734.9387249314026,30.588235294117645,7300196.047913329,3981.176470588235
26.731517509727624,740.3219187451554,29.41176470588235,7202194.644083314,3977.6470588235293
26.320286869611657,739.8530685814064,29.41176470588235,7377196.917677577,3998.823529411765
25.74425879301137,747.8176205049527,29.80392156862745,7246194.796673533,3984.705882352941
25.265125505455103,737.7818666566532,29.41176470588235,7288196.261539635,3988.235294117647
26.46982528419928,732.9233129574843,30.588235294117645,7342196.444647898,3970.5882352941176
26.148622873273823,728.5148339578411,30.588235294117645,7309196.7956054015,3991.764705882353
24.744029907682915,739.1406738245889,29.80392156862745,7309196.414129854,3974.1176470588234
26.64835584039063,736.3066516105325,30.588235294117645,7392197.207598993,3995.2941176470586
25.116350041962313,732.2570521984728,29.41176470588235,7335196.032654307,3977.6470588235293
26.123445487144274,748.5702483993917,30.588235294117645,7358197.26863508,3970.5882352941176
25.09498741130694,734.8802527713927,30.588235294117645,7308196.536202029,4002.3529411764707
26.394293125810634,742.2230686082286,30.588235294117645,7383197.34493019,4002.3529411764707
26.470588235294116,739.4464456705122,30.19607843137255,7269195.407034409,3998.823529411765
25.394064240482187,729.5549946758149,29.80392156862745,7225195.559624628,4002.3529411764707
25.161364156557568,738.6830889393741,29.80392156862745,7356197.665369649,3981.176470588235
25.681696803234914,730.0748068138843,29.41176470588235,7387197.405966277,3984.705882352941
26.318760967421987,746.1412397707248,29.80392156862745,7224194.934004731,3998.823529411765
24.789806973373004,737.5629983879924,29.41176470588235,7391198.199435416,3991.764705882353
25.268177309834442,734.0149720916136,30.19607843137255,7246195.605401694,3988.235294117647
24.904249637598227,742.3941935535786,30.588235294117645,7203194.354161898,3970.5882352941176
25.834287022201877,746.2839332988223,29.41176470588235,7389197.878995956,3974.1176470588234
26.815442130159454,738.8059341195783,30.588235294117645,7259195.452811475,4005.8823529411766
25.026321812771805,735.5996212720646,29.41176470588235,7396197.985809109,3977.6470588235293
25.12703135729,744.725569768284,30.19607843137255,7299196.70405127,3995.2941176470586
26.449988555733576,734.627052225295,30.588235294117645,7264195.422293431,3984.705882352941
25.507743953612575,729.6402889275723,30.19607843137255,7260195.483329519,3988.235294117647
25.76638437476158,730.9599358415566,29.41176470588235,7352196.231021591,3977.6470588235293
26.098268101014725,729.1580277179497,30.588235294117645,7294195.345998322,4002.3529411764707
24.921034561684593,743.3957304594356,30.588235294117645,7289196.261539635,3998.823529411765
25.00343327992676,747.2693769496309,30.19607843137255,7226194.2320897225,3984.705882352941
25.65270466163119,737.1638856627874,30.19607843137255,7352196.276798657,3984.705882352941
26.919966430151824,738.3032881202274,29.41176470588235,7364197.329671168,3995.2941176470586
24.90501258869306,734.6002301335473,29.41176470588235,7204195.239185168,3991.764705882353
24.876783398184173,737.361832699885,30.588235294117645,7385197.02449073,4002.3529411764707
25.016403448538952,736.7631636120775,29.41176470588235,7257196.017395285,3977.6470588235293
25.438315403982607,741.5037001075566,29.80392156862745,7243194.827191576,4002.3529411764707
26.16083009079118,728.596373116754,30.19607843137255,7211194.995040818,3984.705882352941
25.10643167772946,737.6783333825073,29.80392156862745,7308196.337834745,3970.5882352941176
25.32005798428321,743.6693157952617,29.80392156862745,7284195.315480278,3970.5882352941176
26.086060883497368,749.5776861654333,29.41176470588235,7324196.551461051,3995.2941176470586
25.23460746166171,734.9269232110336,30.588235294117645,7265195.284962234,4005.8823529411766
25.66186007476921,746.6079441671338,29.41176470588235,7269196.337834745,4005.8823529411766
24.835584039063093,733.5402210676802,29.80392156862745,7276195.391775387,3974.1176470588234
24.87144274052033,731.3080865924411,29.80392156862745,7399198.016327153,3974.1176470588234
25.233844510566875,742.4194063198213,29.80392156862745,7278195.101853971,4002.3529411764707
24.824902723735406,746.5360609612502,30.19607843137255,7314197.055008774,4005.8823529411766
25.097276264591443,747.7173058818165,29.41176470588235,7273196.322575723,3977.6470588235293
24.74631876096742,729.3672400335813,30.19607843137255,7307196.429388876,3984.705882352941
25.23918516823072,730.0329643507579,29.80392156862745,7356197.405966277,3974.1176470588234
26.377508201724268,746.2469188122105,29.41176470588235,7348196.70405127,3995.2941176470586
25.25215533684291,749.1356580934321,29.41176470588235,7302196.21576257,3995.2941176470586
26.928358892195007,736.5228376700186,29.80392156862745,7213194.110017547,3988.235294117647
26.37140459296559,737.2143111952729,29.80392156862745,7344196.429388876,3981.176470588235
27.00236514839399,749.6533244641618,29.80392156862745,7345196.597238117,3981.176470588235
24.742504005493245,740.6614864266805,29.41176470588235,7214194.689860379,4002.3529411764707
26.391241321431295,733.3165248225049,29.80392156862745,7289195.803768978,4002.3529411764707
25.085069047074086,742.3727358801805,30.588235294117645,7311196.444647898,3995.2941176470586
25.029373617151144,732.415302539784,29.41176470588235,7381197.2228580145,3984.705882352941
25.513847562371254,749.980553983483,29.80392156862745,7371197.894254978,4005.8823529411766
26.451514457923246,746.1299744921909,29.80392156862745,7362196.887159533,3974.1176470588234
26.80399786373693,732.9651554206107,30.19607843137255,7248195.422293431,3995.2941176470586
26.718547341115432,731.7924935694035,29.41176470588235,7388197.711146715,3981.176470588235
26.14328221560998,731.4470250276938,30.19607843137255,7350197.497520409,3991.764705882353
25.25215533684291,742.0760835454514,30.588235294117645,7291196.490424964,4005.8823529411766
26.215762569619287,741.3556421611096,29.80392156862745,7221194.827191576,4005.8823529411766
26.849011978332186,749.6120184428703,30.19607843137255,7261196.0784313725,3998.823529411765
24.74326695658808,736.4193043958727,29.80392156862745,7213195.498588541,3981.176470588235
25.68093385214008,736.747070357029,30.19607843137255,7246195.590142672,4002.3529411764707
25.457389181353477,729.6773034141842,29.80392156862745,7337196.810864423,3981.176470588235
26.211184863050278,736.1274800376583,30.19607843137255,7400197.405966277,3995.2941176470586
26.30350194552529,747.6706354421757,29.80392156862745,7324196.78034638,4005.8823529411766
25.48027771419852,744.6504679113906,30.588235294117645,7361197.390707255,3998.823529411765
26.845197222858012,734.9408706987424,30.19607843137255,7240194.720378423,3970.5882352941176
26.8383306630045,746.6063348416291,29.80392156862745,7357196.444647898,3974.1176470588234
25.40856031128405,730.8285075919931,30.19607843137255,7291195.712214847,3977.6470588235293
25.349813076981768,747.883602850652,30.588235294117645,7240195.819028,3991.764705882353
26.449988555733576,742.2547186764908,29.41176470588235,7327195.788509957,4005.8823529411766
26.451514457923246,738.6600219404711,29.41176470588235,7270196.032654307,3974.1176470588234
25.31700617990387,739.7586548184547,30.19607843137255,7390197.634851606,3998.823529411765
26.68650339513237,735.2380594753063,30.19607843137255,7357197.253376058,3988.235294117647
25.182726787212943,730.008824468185,29.80392156862745,7270195.01029984,4002.3529411764707
26.456092164492254,744.0834488918454,29.80392156862745,7308196.169985504,3981.176470588235
25.544365606164646,745.9577766631709,30.588235294117645,7351197.039749752,3974.1176470588234
24.85389486533913,746.5671745876774,29.80392156862745,7392197.802700846,4002.3529411764707
25.697718776226445,745.9395376407825,29.80392156862745,7338197.405966277,3981.176470588235
25.787747005416954,730.054422024156,29.41176470588235,7237194.796673533,3974.1176470588234
26.92225528343633,732.0322830696275,30.19607843137255,7365197.161821927,3988.235294117647
24.916456855115584,739.7613370276295,30.19607843137255,7288196.200503548,3988.235294117647
26.364538033112076,735.5041346254429,30.588235294117645,7276195.452811475,3981.176470588235
26.653696498054472,731.2109906203145,30.19607843137255,7294195.590142672,3991.764705882353
25.916685740444038,737.0608888304764,29.41176470588235,7214194.61356527,3977.6470588235293
26.565194171053633,732.5054247680561,29.80392156862745,7397197.0855268175,4002.3529411764707
24.823376821545736,747.0043746831641,30.588235294117645,7341197.375448233,3988.235294117647
25.978484779125658,734.2300852674297,29.80392156862745,7308196.154726482,3984.705882352941
26.049439230945296,749.5514005155206,29.80392156862745,7375197.680628671,3995.2941176470586
25.413900968947893,738.0806647587219,29.41176470588235,7204194.995040818,3984.705882352941
26.41565575646601,746.7667309502799,30.588235294117645,7331196.765087358,3974.1176470588234
24.72724498359655,744.0383877777093,29.41176470588235,7312197.009231708,3988.235294117647
25.262073701075764,741.9468010632278,30.19607843137255,7365196.78034638,3970.5882352941176
26.330968184939344,747.3573534105632,30.19607843137255,7219195.345998322,3991.764705882353
24.9256122682536,744.9444380369448,30.19607843137255,7328196.688792248,3977.6470588235293
26.943617914091703,732.8830798198629,30.588235294117645,7338196.673533226,3984.705882352941
26.41718165865568,741.7021835864892,30.19607843137255,7328196.841382467,3970.5882352941176
25.471122301060504,744.0839853336803,29.80392156862745,7333197.02449073,4005.8823529411766
25.799191271839476,729.2390304350275,30.588235294117645,7344196.246280613,3995.2941176470586
26.73075455863279,730.9459883538478,30.588235294117645,7369197.695887693,3995.2941176470586
26.617837796597236,748.2178061138277,29.41176470588235,7388197.451743343,3988.235294117647
25.181963836118108,730.5184442113904,30.588235294117645,7237194.781414511,3984.705882352941
25.778591592278936,742.3802460658698,30.19607843137255,7256196.017395285,3995.2941176470586
26.124971389333943,748.1507508844585,30.588235294117645,7293196.047913329,3988.235294117647
25.54970626382849,744.2180957924186,29.41176470588235,7363197.756923781,3974.1176470588234
26.360723277637902,741.4575661097507,29.80392156862745,7243195.6511787595,3981.176470588235
26.411078049897,747.3975865481846,30.19607843137255,7344196.45990692,3988.235294117647
26.812390325780115,743.1682791214156,29.80392156862745,7212195.25444419,4005.8823529411766
26.298161287861447,735.1946076866751,29.80392156862745,7350197.177080949,3970.5882352941176
26.2050812542916,740.6180346380494,29.80392156862745,7224195.437552453,3974.1176470588234
25.78698405432212,741.3540328356048,30.588235294117645,7254196.032654307,3995.2941176470586
26.018921187151903,744.7105493969053,29.41176470588235,7276196.398870832,3974.1176470588234
25.31242847333486,729.5914727205917,29.41176470588235,7382198.092622262,3998.823529411765
26.12268253604944,729.3629484989017,29.41176470588235,7215194.399938963,3974.1176470588234
26.36987869077592,738.0420409466053,29.41176470588235,7226194.216830701,4005.8823529411766
25.79690241855497,731.8144876846367,30.19607843137255,7283195.925841154,3974.1176470588234
24.83024338139925,728.4928398426081,30.588235294117645,7202193.865873197,3977.6470588235293
25.892271305409324,748.7751691803437,30.588235294117645,7290195.422293431,3974.1176470588234
25.465018692301825,735.115750736937,30.588235294117645,7324197.100785839,3981.176470588235
24.921797512779428,731.8772513793261,29.80392156862745,7227194.872968642,3998.823529411765
26.169222552834363,735.6607756412492,29.80392156862745,7384197.482261387,3988.235294117647
25.718318455786985,735.5202278804916,29.41176470588235,7295195.605401694,3988.235294117647
24.929427023727776,742.3260654405395,29.41176470588235,7369196.887159533,3991.764705882353
26.98558022430762,730.3795057761375,30.588235294117645,7390197.34493019,3970.5882352941176
25.0743877317464,747.5032655896704,30.588235294117645,7216195.2239261465,3981.176470588235
25.667963683527887,742.9971541760657,30.588235294117645,7285196.38361181,3991.764705882353
25.662623025864043,739.619179941367,30.588235294117645,7371197.604333562,3981.176470588235
26.332494087129014,731.2378127120622,30.19607843137255,7225194.705119401,3977.6470588235293
26.036469062333104,747.1046893063003,29.80392156862745,7225195.483329519,4002.3529411764707
25.0919356069276,737.7351962170122,30.588235294117645,7211194.918745709,3984.705882352941
25.857938506141757,742.365762136326,30.19607843137255,7374196.673533226,4002.3529411764707
25.803768978408485,745.8520976216852,29.80392156862745,7267194.872968642,3991.764705882353
25.307087815671018,730.5597502326817,30.588235294117645,7360196.978713664,3998.823529411765
25.10643167772946,740.3546416970875,29.80392156862745,7226195.422293431,4005.8823529411766
25.973144121461814,746.8219844592801,29.41176470588235,7225195.117112993,4002.3529411764707
26.446173800259402,742.9381455742208,29.41176470588235,7222195.620660716,4002.3529411764707
26.19897764553292,747.0569459829895,29.41176470588235,7331196.765087358,3981.176470588235
25.65423056382086,749.0256875172668,30.19607843137255,7363196.597238117,3984.705882352941
25.523765926604106,749.9413937295315,29.80392156862745,7230195.559624628,3988.235294117647
25.452048523689633,739.5875298731047,30.588235294117645,7230195.498588541,3970.5882352941176
24.898908979934383,734.2316945929346,29.80392156862745,7278195.01029984,3981.176470588235
25.775539787899596,738.4770952747522,30.588235294117645,7226194.964522774,3984.705882352941
26.573586633096816,740.5107462710588,29.41176470588235,7202194.262607766,3970.5882352941176
25.88693064774548,741.6260088459259,29.41176470588235,7285196.353093767,4005.8823529411766
26.109712367437247,729.2154269942896,29.41176470588235,7354196.7956054015,3970.5882352941176
26.88105592431525,737.6311265010314,29.41176470588235,7304196.536202029,3970.5882352941176
24.962233920805673,745.7651940444229,30.588235294117645,7390197.985809109,3991.764705882353
26.01815823605707,741.4618576444303,29.80392156862745,7377196.581979095,3981.176470588235
26.504921034561683,749.6919482762784,29.41176470588235,7326196.734569314,3977.6470588235293
26.905470359349962,742.8839649488906,29.80392156862745,7325197.177080949,4002.3529411764707
26.49500267032883,747.2318260211841,30.19607843137255,7352197.497520409,3974.1176470588234
24.71656366826886,734.4537815126051,30.588235294117645,7295196.398870832,3991.764705882353
25.57030594338903,746.3300672966283,30.588235294117645,7333197.192339971,3974.1176470588234
24.919508659494923,734.6662124792465,29.80392156862745,7393197.817959868,3991.764705882353
24.739452201113906,737.4809227872446,30.19607843137255,7290196.551461051,3977.6470588235293
26.945143816281373,747.073575679873,29.80392156862745,7325196.856641489,3984.705882352941
26.02655069810025,737.8934465583234,30.588235294117645,7236195.147631037,3974.1176470588234
26.48050659952697,749.9950379130267,29.80392156862745,7283196.475165942,3991.764705882353
25.0240329594873,748.0375616572835,30.19607843137255,7364196.917677577,4005.8823529411766
25.04310673685817,744.8253479495853,29.41176470588235,7220194.8119325545,4002.3529411764707
25.759517814908065,740.6121337778649,29.80392156862745,7332196.963454642,3984.705882352941
26.173037308308537,732.938333328863,30.19607843137255,7384198.123140306,3974.1176470588234
26.717021438925762,736.8811808157672,29.80392156862745,7383196.810864423,3984.705882352941
25.745021744106204,730.3725320322832,30.19607843137255,7270196.231021591,4002.3529411764707
25.881589990081636,733.052058997873,30.588235294117645,7239195.712214847,3991.764705882353
25.033951323720153,748.0161039838854,29.80392156862745,7281195.25444419,3988.235294117647
26.39047837033646,733.726366384409,30.19607843137255,7364196.978713664,3977.6470588235293
26.865796902418552,733.0568869743877,29.41176470588235,7215195.101853971,3977.6470588235293
26.11505302510109,735.5320296008605,29.80392156862745,7352196.978713664,3977.6470588235293
25.111772335393304,736.9042478146702,30.19607843137255,7334196.643015183,3988.235294117647
25.19798580910964,738.991006552637,29.41176470588235,7252194.720378423,3995.2941176470586
24.961470969710838,740.9071767870889,30.588235294117645,7375197.756923781,4002.3529411764707
25.039291981383997,733.0005605817175,29.41176470588235,7301195.986877241,3970.5882352941176
25.363546196688795,745.5597368216359,30.19607843137255,7203195.193408103,3988.235294117647
26.54230563820859,731.9775660024624,29.41176470588235,7248195.437552453,3998.823529411765
25.182726787212943,733.8765700981958,29.41176470588235,7281196.246280613,3981.176470588235
24.76691844052796,740.0107824808827,29.41176470588235,7226194.216830701,3984.705882352941
24.773785000381473,739.9743044361059,29.41176470588235,7202194.552529182,3995.2941176470586
26.94285496299687,743.6344470759898,29.80392156862745,7345197.192339971,3970.5882352941176
25.76180666819257,742.6833357026181,30.588235294117645,7399196.963454642,3998.823529411765
26.240177004654,738.878353767297,30.19607843137255,7384197.467002365,4005.8823529411766
25.425345235370415,735.0100716954513,30.588235294117645,7289196.566720073,3977.6470588235293
24.78294041351949,729.4493156343291,30.19607843137255,7269195.559624628,3991.764705882353
25.53521019302663,730.6042749049828,30.19607843137255,7386198.046845197,3977.6470588235293
24.78446631570916,731.7238290145295,29.80392156862745,7258196.0784313725,3995.2941176470586
26.152437628747997,748.4549134048768,30.588235294117645,7393196.856641489,3998.823529411765
26.233310444800487,739.482923715289,29.41176470588235,7375197.909514,3988.235294117647
25.118638895246818,742.594286358016,29.80392156862745,7264195.300221256,4005.8823529411766
26.931410696574346,749.2483108787723,30.19607843137255,7335197.02449073,3998.823529411765
25.873197528038453,733.1958254096404,30.19607843137255,7383197.665369649,3981.176470588235
26.15930418860151,734.5084985797703,29.41176470588235,7213195.208667125,3974.1176470588234
26.24628061341268,746.1289016085209,29.80392156862745,7354196.307316701,3984.705882352941
25.583276112001222,747.1100537246498,30.19607843137255,7320196.581979095,3995.2941176470586
25.645075150682842,738.8982021151902,30.19607843137255,7330196.108949416,3974.1176470588234
26.321812771801326,744.5447888699049,29.41176470588235,7289195.773250935,3977.6470588235293
25.843442435339895,737.2089467769234,29.41176470588235,7203194.506752117,3998.823529411765
25.29335469596399,740.8819640208462,30.19607843137255,7362197.619592584,3981.176470588235
26.084534981307698,732.4973781405317,30.19607843137255,7339197.207598993,3970.5882352941176
26.842908369573507,732.2355945250747,29.41176470588235,7321196.963454642,3995.2941176470586
26.492713817044326,733.2564433369902,29.80392156862745,7353197.207598993,4005.8823529411766
25.38490882734417,736.0711536449883,30.19607843137255,7223194.415197985,3970.5882352941176
24.71808957045853,741.1142433353808,30.19607843137255,7325196.475165942,3995.2941176470586
25.852597848477913,748.3197300624687,30.19607843137255,7221195.056076906,3977.6470588235293
26.58655680170901,740.9071767870889,29.41176470588235,7350197.26863508,4002.3529411764707
25.342946517128254,735.8399472141235,30.19607843137255,7379196.627756161,3970.5882352941176
26.104371709773403,746.7699496012897,30.19607843137255,7315196.612497139,3988.235294117647
25.571068894483865,738.2882677488487,29.80392156862745,7281196.13946746,3998.823529411765
26.893263141832605,747.4576680336993,29.80392156862745,7231195.315480278,3991.764705882353
24.84626535439078,730.9872943751392,30.19607843137255,7391196.7956054015,3998.823529411765
26.096742198825055,747.4657146612236,30.588235294117645,7295196.551461051,3995.2941176470586
25.21705958648051,742.9837431301918,30.588235294117645,7352197.436484321,3988.235294117647
26.57587548638132,729.7507959455727,29.80392156862745,7346196.856641489,3984.705882352941
26.256961928740367,737.5393949472544,29.80392156862745,7309196.246280613,3981.176470588235
26.32715342946517,729.6703296703297,29.41176470588235,7308196.7956054015,3974.1176470588234
24.832532234683754,734.6157869467609,29.41176470588235,7397197.680628671,4002.3529411764707
25.28191042954147,739.2715656323174,29.80392156862745,7308195.712214847,3995.2941176470586
25.183489738307777,744.3307485777586,30.588235294117645,7311196.978713664,3991.764705882353
26.752880140383,740.9023488105744,29.80392156862745,7389196.749828336,4002.3529411764707
25.936522468909743,737.4707303923805,30.588235294117645,7343196.597238117,3991.764705882353
24.91416800183108,747.2892252975241,29.80392156862745,7296195.529106584,4002.3529411764707
24.898908979934383,743.7347616991259,29.41176470588235,7241194.689860379,4002.3529411764707
25.096513313496608,728.8785415219392,29.80392156862745,7397197.177080949,4005.8823529411766
24.775310902571142,739.390119277842,29.80392156862745,7204194.354161898,3981.176470588235
26.520943007553214,741.2043655636529,29.41176470588235,7256195.635919738,4005.8823529411766
26.76890211337453,736.9616470910101,29.80392156862745,7330196.810864423,3981.176470588235
26.291294728007934,747.0805494237275,29.80392156862745,7279195.437552453,3984.705882352941
25.841916533150226,742.2804678845686,29.80392156862745,7343196.932936599,3991.764705882353
26.563668268863964,737.6735054059926,29.41176470588235,7243195.2239261465,4002.3529411764707
25.264362554360268,732.9656918624456,29.41176470588235,7296195.468070497,3998.823529411765
24.9935149156939,735.0787362503253,30.19607843137255,7394197.375448233,3984.705882352941
25.962462806134127,743.3302845555714,29.80392156862745,7225194.674601357,3991.764705882353
26.843671320668342,739.2726385159874,30.588235294117645,7289196.093690394,3998.823529411765
26.111238269626917,746.5752212152017,29.80392156862745,7303196.414129854,3981.176470588235
25.040817883573666,748.2741325064977,30.19607843137255,7330195.849546044,3995.2941176470586
25.651941710536356,746.7468826023867,29.80392156862745,7354197.238117036,3974.1176470588234
26.520943007553214,748.5659568647121,30.588235294117645,7366197.26863508,3984.705882352941
24.84168764782177,740.759655282477,29.80392156862745,7270195.864805066,3988.235294117647
25.66033417257954,747.7961628315546,29.80392156862745,7323195.9411001755,3998.823529411765
25.2124818799115,749.5315521676274,30.19607843137255,7298196.292057679,3988.235294117647
26.6674296177615,738.0093179946732,29.80392156862745,7319196.261539635,3984.705882352941
26.363012130922407,735.8614048875216,29.80392156862745,7211194.995040818,3988.235294117647
25.354390783550777,737.8424845840028,29.41176470588235,7205195.345998322,4005.8823529411766
26.641489280537115,738.775356934986,29.41176470588235,7366197.83321889,3998.823529411765
26.591134508278017,746.2109772092687,30.19607843137255,7374197.6501106275,3974.1176470588234
26.582742046234834,738.717957658646,30.588235294117645,7373196.536202029,3981.176470588235
25.497825589379723,735.5947932955501,29.41176470588235,7220194.61356527,4002.3529411764707
26.479743648432134,737.3682700019044,30.19607843137255,7288196.429388876,3970.5882352941176
25.80300602731365,732.9791029083194,29.80392156862745,7227194.888227665,3991.764705882353
25.313191424429696,741.52247557178,29.80392156862745,7357196.94819562,3977.6470588235293
25.644312199588008,743.8629712976797,29.80392156862745,7351197.329671168,3977.6470588235293
26.68955519951171,737.5522695512933,30.19607843137255,7371197.299153124,3970.5882352941176
26.55374990463111,745.5189672421794,30.588235294117645,7314196.765087358,3991.764705882353
26.62623025864042,729.9009996593595,30.19607843137255,7211195.25444419,3998.823529411765
26.40650034332799,735.5518779487538,30.588235294117645,7368196.734569314,3974.1176470588234
25.69390402075227,744.8553886923427,29.80392156862745,7237195.880064088,3974.1176470588234
26.20660715648127,735.480531184705,29.80392156862745,7294195.498588541,4002.3529411764707
26.766613260090026,729.235275342183,29.80392156862745,7366196.7956054015,3974.1176470588234
25.406271457999544,737.4337159057687,30.19607843137255,7384197.9400320435,3981.176470588235
26.8558785381857,736.2197480332702,29.80392156862745,7214194.705119401,4002.3529411764707
25.264362554360268,729.1118937201437,30.588235294117645,7349197.451743343,3974.1176470588234
26.351567864499884,739.9083220904066,30.19607843137255,7284195.635919738,3974.1176470588234
26.778820477607383,729.235275342183,29.41176470588235,7361196.856641489,3988.235294117647
24.989700160219726,746.0564819608022,29.80392156862745,7246195.239185168,4002.3529411764707
26.981765468833444,745.1075163547705,29.41176470588235,7270196.017395285,3995.2941176470586
26.005188067444877,738.5784827815583,29.41176470588235,7357197.497520409,3977.6470588235293
25.835812924391547,741.6061604980326,30.19607843137255,7302196.246280613,3984.705882352941
25.053025101091023,729.2315202493382,29.80392156862745,7264195.407034409,3984.705882352941
26.691844052796213,740.2258956566988,30.588235294117645,7262195.605401694,3970.5882352941176
25.1094834821088,729.4605809128632,29.41176470588235,7333197.238117036,3991.764705882353
26.865796902418552,745.3698364120625,30.588235294117645,7264194.934004731,3998.823529411765
26.32104982070649,732.1111400193656,29.80392156862745,7390198.092622262,3974.1176470588234
26.672007324330508,732.6003749728427,29.41176470588235,7380196.978713664,4005.8823529411766
24.729533836881053,735.2348408242966,30.19607843137255,7365196.612497139,3977.6470588235293
25.977721828030823,731.000705421013,30.588235294117645,7399197.863736934,3984.705882352941
26.53772793163958,737.2051916840787,29.41176470588235,7252195.345998322,3998.823529411765
25.34218356603342,749.6898025089386,29.80392156862745,7202194.8119325545,4002.3529411764707
26.22873273823148,741.1303365904294,30.19607843137255,7254195.239185168,4002.3529411764707
25.10337987335012,748.0144946583805,29.80392156862745,7347196.566720073,3981.176470588235
26.201266498817425,747.9506580800211,29.80392156862745,7301196.154726482,3998.823529411765
26.826886396581976,746.8654362479112,29.41176470588235,7368197.619592584,3991.764705882353
26.488136110475317,741.3830006946922,29.80392156862745,7312196.45990692,4002.3529411764707
26.803234912642097,736.5217647863487,29.41176470588235,7321195.971618219,3998.823529411765
24.782177462424656,729.256196573746,30.19607843137255,7377196.70405127,4002.3529411764707
24.867627985046155,745.4567399893249,29.80392156862745,7225195.162890059,3970.5882352941176
25.987640192263676,737.9991255998091,30.588235294117645,7314196.429388876,3988.235294117647
26.99702449073014,729.9455243316606,29.41176470588235,7280195.132372015,3977.6470588235293
25.460440985732816,740.336402674699,30.588235294117645,7212195.208667125,4005.8823529411766
26.87647821774624,747.541889401787,29.41176470588235,7248195.269703212,3998.823529411765
26.182192721446555,748.9178627084412,30.19607843137255,7365196.520943007,3988.235294117647
24.78141451132982,736.5169368098341,29.80392156862745,7237195.849546044,3981.176470588235
25.895323109788663,729.9433785643208,29.41176470588235,7357196.856641489,3984.705882352941
24.991226062409396,731.6508729249759,30.19607843137255,7349197.314412146,3977.6470588235293
25.59243152513924,739.6717512411924,30.588235294117645,7387197.6501106275,3998.823529411765
26.108186465247577,740.6056964758454,29.41176470588235,7246195.620660716,4005.8823529411766
25.96322575722896,737.1778331504961,30.19607843137255,7210194.216830701,3984.705882352941
25.727473868925003,739.4282066481237,30.19607843137255,7255195.910582132,3974.1176470588234
26.435492484931714,745.8778468297629,30.588235294117645,7351196.993972686,4002.3529411764707
25.86480506599527,741.0584533845457,30.19607843137255,7377197.604333562,3991.764705882353
25.407797360189214,739.1530119867929,29.41176470588235,7392196.826123445,3984.705882352941
25.612268253604945,747.9528038473609,30.19607843137255,7295195.788509957,3974.1176470588234
26.375219348439764,744.9181523870321,30.588235294117645,7208194.552529182,3970.5882352941176
24.89662012664988,737.8617964900611,30.588235294117645,7379196.566720073,3998.823529411765
26.432440680552375,739.1658865908317,30.19607843137255,7339196.002136263,3984.705882352941
25.252918287937746,746.0489717751129,29.80392156862745,7238195.742732891,3970.5882352941176
25.921263447013047,733.726366384409,29.80392156862745,7365197.451743343,3984.705882352941
26.90165560387579,732.8503568679307,30.588235294117645,7200194.934004731,3988.235294117647
26.588845654993513,749.8164027819874,29.80392156862745,7265196.246280613,4002.3529411764707
25.435263599603267,730.5710155112157,29.80392156862745,7294195.361257344,3998.823529411765
26.36835278858625,741.4210880649739,29.41176470588235,7277196.231021591,3998.823529411765
25.784695201037614,735.4837498357148,30.588235294117645,7286195.422293431,3981.176470588235
25.179674982833603,736.2760744259402,29.80392156862745,7286196.3683527885,3991.764705882353
25.941100175478752,741.5487612216926,30.588235294117645,7220194.842450598,3988.235294117647
25.453574425879303,741.430744018003,30.588235294117645,7298196.063172351,3998.823529411765
26.61554894331273,745.763048277083,30.19607843137255,7374196.963454642,3998.823529411765
25.278095674067295,741.8126906044895,30.19607843137255,7379197.878995956,4002.3529411764707
26.093690394445716,741.7445624914506,30.588235294117645,7368197.329671168,3995.2941176470586
25.622186617837798,743.0647458472697,30.19607843137255,7379197.34493019,3974.1176470588234
26.559090562294955,738.2684194009555,30.588235294117645,7340196.581979095,3995.2941176470586
26.11505302510109,743.4322085042124,30.19607843137255,7265195.315480278,3977.6470588235293
26.51102464332036,729.7336298068542,30.19607843137255,7333195.9411001755,4005.8823529411766
26.196688792248416,747.1610156989703,29.41176470588235,7263195.147631037,3988.235294117647
26.11657892729076,749.3818848956755,30.19607843137255,7372197.192339971,3988.235294117647
26.142519264515144,731.6095669036846,30.19607843137255,7215195.0865949495,4005.8823529411766
25.824368657969025,731.3826520074995,30.588235294117645,7266194.827191576,3998.823529411765
25.458915083543147,735.9686932545122,30.588235294117645,7242195.101853971,3981.176470588235
25.08125429159991,743.1221451236097,30.588235294117645,7231194.583047226,4002.3529411764707
25.33607995727474,745.4470840362957,29.80392156862745,7247195.880064088,3981.176470588235
25.712214847028307,732.8852255872027,29.41176470588235,7367197.467002365,3981.176470588235
25.46425574120699,744.3409409726228,29.41176470588235,7376197.58907454,3974.1176470588234
25.141527428091862,731.1466176001202,29.80392156862745,7215195.269703212,4002.3529411764707
24.826428625925075,748.9430754746841,29.41176470588235,7296196.231021591,3981.176470588235
24.773022049286638,729.6032744409606,29.80392156862745,7379196.917677577,3998.823529411765
25.42610818646525,749.2413371349179,29.41176470588235,7272194.934004731,3988.235294117647
25.089646753643095,730.1284509973796,29.80392156862745,7224195.345998322,3977.6470588235293
25.482566567483026,729.8226791514563,29.41176470588235,7311195.819028,3981.176470588235
25.348287174792098,739.345594605541,29.41176470588235,7234195.193408103,4002.3529411764707
26.820782787823298,729.0131884225124,30.588235294117645,7265195.803768978,3991.764705882353
25.963988708323797,747.2693769496309,29.41176470588235,7247195.971618219,3988.235294117647
25.432211795223928,735.013826788296,29.41176470588235,7233195.284962234,4002.3529411764707
26.9413290608072,737.8349743983135,30.19607843137255,7216194.827191576,3991.764705882353
26.32104982070649,745.3918305272956,30.19607843137255,7343196.063172351,3977.6470588235293
25.463492790112156,748.9940374490045,30.19607843137255,7287196.490424964,4005.8823529411766
26.64530403601129,731.1879236214116,29.80392156862745,7223195.117112993,3981.176470588235
24.840161745632102,729.6622830428055,29.80392156862745,7308195.986877241,3988.235294117647
26.970321202410922,749.2032497646362,30.588235294117645,7397198.229953459,3974.1176470588234
26.043335622186618,735.5862102261908,29.80392156862745,7387197.787441825,3998.823529411765
25.21400778210117,743.2192410957362,29.80392156862745,7250194.827191576,3984.705882352941
26.863508049134047,739.8525321395715,30.588235294117645,7372196.78034638,3988.235294117647
25.52910658426795,734.6200784814405,30.19607843137255,7212194.0947585255,3974.1176470588234
25.36736095216297,748.9468305675287,30.19607843137255,7245194.583047226,3995.2941176470586
26.329442282749675,732.8680594484842,29.41176470588235,7303196.124208438,4005.8823529411766
26.070038910505836,738.1305538493725,30.588235294117645,7344197.375448233,3977.6470588235293
26.364538033112076,735.5341753682003,30.19607843137255,7314196.093690394,3970.5882352941176
26.588082703898678,736.3533220501735,30.588235294117645,7394196.765087358,3988.235294117647
25.048447394522015,739.3241369321429,30.19607843137255,7388197.360189212,3988.235294117647
